,E,HIso,HeIso,sigmaMF,sigmaModMF
0,3.6227699051683853e-06,H,3He,6.134465219138019e-09,9.328788738357582e-12
1,4.342831738421415e-06,H,3He,6.134968191696957e-09,9.308806802420299e-12
2,5.206013078924412e-06,H,3He,6.135571167855288e-09,9.284893616629983e-12
3,6.240760363371484e-06,H,3He,6.136294038967636e-09,9.256286526119515e-12
4,7.481174042896418e-06,H,3He,6.137160665582215e-09,9.2220775853312e-12
5,8.968132375118345e-06,H,3He,6.138199606071923e-09,9.181190543950587e-12
6,1.0750638581121347e-05,H,3He,6.139445181696399e-09,9.132351447454273e-12
7,1.2887435763387655e-05,H,3He,6.140938483539828e-09,9.074055479614484e-12
8,1.5448942804857973e-05,H,3He,6.1427288081166746e-09,9.004532053183007e-12
9,1.851957504733548e-05,H,3He,6.144875290521453e-09,8.92170762045926e-12
10,2.2200526227985094e-05,H,3He,6.147448764351096e-09,8.823163552345335e-12
11,2.661310335359801e-05,H,3He,6.150534232600496e-09,8.706100069409411e-12
12,3.190272441454515e-05,H,3He,6.1542335646694005e-09,8.56730241150245e-12
13,3.824371068445175e-05,H,3He,6.1586688796287975e-09,8.403120207850454e-12
14,4.584503153747037e-05,H,3He,6.1639864874156824e-09,8.20946930496824e-12
15,5.4957191105572863e-05,H,3He,6.170361647929576e-09,7.98187389761436e-12
16,6.588048372801077e-05,H,3He,6.1780042554359684e-09,7.71556966111782e-12
17,7.897489025410862e-05,H,3He,6.187165507833214e-09,7.405711183769346e-12
18,9.467194133543785e-05,H,3He,6.198146059457897e-09,7.0477293798526465e-12
19,0.00011348893866622744,H,3He,6.2113058073422404e-09,6.637926151261161e-12
20,0.00013604600283786055,H,3He,6.227076553279537e-09,6.174421418401665e-12
21,0.00016308650962533857,H,3He,6.246184839042113e-09,5.658620190667797e-12
22,0.0001955015881905341,H,3He,6.268978835957891e-09,5.097448563724038e-12
23,0.00023435948854890962,H,3He,6.296340598327299e-09,4.50671913272744e-12
24,0.000280940786114626,H,3He,6.329194048432712e-09,3.916130521218255e-12
25,0.00033678058350188,H,3He,6.368653689042729e-09,3.3766477291455324e-12
26,0.000403719100357291,H,3He,6.416065398905856e-09,2.9713107665702313e-12
27,0.0004839623184285809,H,3He,6.473056500812e-09,2.830968357689228e-12
28,0.0005801546804485677,H,3He,6.541597606669563e-09,2.9724149960278172e-12
29,0.0006954662386510765,H,3He,6.624079108929829e-09,4.5554017527030654e-12
30,0.0008336971249279699,H,3He,6.723567479905628e-09,7.553498360237193e-12
31,0.0009994027854770939,H,3He,6.843405574887159e-09,1.2572082474246795e-11
32,0.001198044107091852,H,3He,6.9880441053171015e-09,2.0597020045006646e-11
33,0.0014361673825556995,H,3He,7.162834921456738e-09,3.3138927466856365e-11
34,0.0017216200459627613,H,3He,7.374370908559515e-09,5.232706763267547e-11
35,0.0020638092875959503,H,3He,7.63119472971774e-09,8.124514024071185e-11
36,0.0024740120711044702,H,3He,7.943052731959331e-09,1.241753050718384e-10
37,0.0029657467697029477,H,3He,9.100304455778509e-09,1.877404556282029e-10
38,0.0035552186687904178,H,3He,9.270706973152556e-09,2.8026631236414853e-10
39,0.0042618540166805665,H,3He,9.356952198246995e-09,4.145067010007565e-10
40,0.00510894022326789,H,3He,1.005855342294659e-08,6.081066102155265e-10
41,0.006124393304596119,H,3He,1.130772008763631e-08,8.858345363024845e-10
42,0.00734167786472749,H,3He,1.2574647745709984e-08,1.3588935329760747e-09
43,0.008800909933230376,H,3He,1.4188679609604941e-08,1.9834741621768212e-09
44,0.010550179002672452,H,3He,1.625839896872509e-08,2.923705274515043e-09
45,0.012647132834317702,H,3He,1.8980726406756277e-08,4.210175599986995e-09
46,0.015160877259841776,H,3He,2.2452855247640167e-08,6.045176319669745e-09
47,0.018174253587681845,H,3He,2.6988403922676155e-08,8.654053123045298e-09
48,0.021786568666727252,H,3He,3.294532570932943e-08,1.2351090414917565e-08
49,0.02611686757753466,H,3He,4.1086142023986385e-08,1.7571214850467137e-08
50,0.03130785680372791,H,3He,5.16439622806759e-08,2.5112472095830954e-08
51,0.037530607173039035,H,3He,6.549783514921246e-08,3.53649848941786e-08
52,0.04499019155502361,H,3He,8.4345169715451e-08,4.9983612898632495e-08
53,0.05393244310770938,H,3He,1.0924707109534819e-07,7.024460618479831e-08
54,0.06465205679351049,H,3He,1.4219096081692732e-07,9.78990061479264e-08
55,0.07750230115264002,H,3He,1.8569423957680264e-07,1.338779223125488e-07
56,0.09290666038883737,H,3He,2.429029646533383e-07,1.84249461968783e-07
57,0.11137279043633574,H,3He,3.1773393749306006e-07,2.516604275693109e-07
58,0.13350924893503416,H,3He,4.146268170143707e-07,3.4066226868473424e-07
59,0.1600455504559356,H,3He,5.387095946952547e-07,4.5718733432978386e-07
60,0.1918562079036751,H,3He,6.970593569923225e-07,6.075702146780035e-07
61,0.22998955238879043,H,3He,8.965380573299784e-07,8.016240248275972e-07
62,0.27570228133849695,H,3He,1.1446355233487203e-06,1.0419599590477418e-06
63,0.33050087339078826,H,3He,1.4480776234793577e-06,1.3378891939078965e-06
64,0.396191234913883,H,3He,1.8119409318999644e-06,1.696769249482012e-06
65,0.4749382142690658,H,3He,2.2393076854672434e-06,2.119214299876577e-06
66,0.5693369451298401,H,3He,2.7280891223763866e-06,2.6052851620635703e-06
67,0.6824983700009065,H,3He,3.27146094009173e-06,3.149136076892508e-06
68,0.8181517623938234,H,3He,3.854299654240678e-06,3.7317664053508614e-06
69,0.9807676263127636,H,3He,4.455002137667293e-06,4.33558571782616e-06
70,1.175705023245006,H,3He,5.049427464202835e-06,4.934068970094907e-06
71,1.409388181867592,H,3He,5.614663488410259e-06,5.504115177029525e-06
72,1.6895182107035145,H,3He,6.135533545198219e-06,6.028527624997009e-06
73,2.0253268907905286,H,3He,6.6103037930795285e-06,6.504403356424195e-06
74,2.4278809121869003,H,3He,7.0425146572008925e-06,6.937711493826485e-06
75,2.910446580532337,H,3He,7.4478483227500145e-06,7.343513125624982e-06
76,3.488927012693738,H,3He,7.83806681543586e-06,7.733991450169981e-06
77,4.18238622942793,H,3He,8.213992499034915e-06,8.109761795445828e-06
78,5.01367741671467,H,3He,8.567252285821704e-06,8.464604655880328e-06
79,6.010196060327253,H,3He,8.889858054096743e-06,8.786982168982278e-06
80,7.204782773448418,H,3He,9.178642862857702e-06,9.07653881540297e-06
81,8.636805570324883,H,3He,9.440196556353785e-06,9.337955496399801e-06
82,10.353457252659387,H,3He,9.67714690099723e-06,9.575227589335074e-06
83,12.411310664553149,H,3He,9.887293630956008e-06,9.78751889676971e-06
84,14.878183069957991,H,3He,1.0074528795093307e-05,9.9735068776659e-06
85,17.83537109383559,H,3He,1.0236059832017589e-05,1.0135119871586746e-05
86,21.380329880275124,H,3He,1.0374234621160563e-05,1.0273857895678375e-05
87,25.629884760142616,H,3He,1.0490119681049272e-05,1.0389661628571327e-05
88,30.724081269869444,H,3He,1.0583586946935611e-05,1.0483399790881354e-05
89,36.83080040006742,H,3He,1.0655551702055094e-05,1.055561149883993e-05
90,44.151291171069424,H,3He,1.0706300945461441e-05,1.06069534277014e-05
91,52.92680286331722,H,3He,1.0736857277851018e-05,1.0636727881332625e-05
92,63.44653547002013,H,3He,1.0743046030387937e-05,1.0643393554525665e-05
93,76.05717038197504,H,3He,1.0724814688273656e-05,1.0625225896183797e-05
94,91.17429539152972,H,3He,1.0679514827809394e-05,1.0580858671371945e-05
95,109.2961005306079,H,3He,1.0614749361213266e-05,1.0516227695186137e-05
96,131.01979609382886,H,3He,1.054840744112184e-05,1.0449961937537288e-05
97,157.0612939082959,H,3He,1.0502158657813906e-05,1.0404636925230579e-05
98,188.27880045304119,H,3He,1.0464355973684581e-05,1.0363907284807325e-05
99,225.70109934745543,H,3He,1.0306753592481135e-05,1.020754478897296e-05
100,3.6227699051683853e-06,H,4He,1.1028234384499387e-07,1.6388576102107095e-07
101,4.342831738421415e-06,H,4He,1.1027983959955557e-07,1.6388265322426444e-07
102,5.206013078924412e-06,H,4He,1.1027683769675294e-07,1.6387892779230303e-07
103,6.240760363371484e-06,H,4He,1.1027323921558892e-07,1.6387446200260593e-07
104,7.481174042896418e-06,H,4He,1.102689256439165e-07,1.6386910872110365e-07
105,8.968132375118345e-06,H,4He,1.1026375494975526e-07,1.638626916396711e-07
106,1.0750638581121347e-05,H,4He,1.1025755676934089e-07,1.638549994137569e-07
107,1.2887435763387655e-05,H,4He,1.1025012711625741e-07,1.6384577870777767e-07
108,1.5448942804857973e-05,H,4He,1.1024122134727302e-07,1.6383472592274172e-07
109,1.851957504733548e-05,H,4He,1.1023054633326539e-07,1.638214771847284e-07
110,2.2200526227985094e-05,H,4He,1.102177508390577e-07,1.6380559641669812e-07
111,2.661310335359801e-05,H,4He,1.1020241395181112e-07,1.637865610862905e-07
112,3.190272441454515e-05,H,4He,1.101840312913242e-07,1.6376374494615418e-07
113,3.824371068445175e-05,H,4He,1.1016199866636128e-07,1.6373639773357428e-07
114,4.584503153747037e-05,H,4He,1.1013559225668882e-07,1.637036205026084e-07
115,5.4957191105572863e-05,H,4He,1.1010394504641253e-07,1.636643364221479e-07
116,6.588048372801077e-05,H,4He,1.1006601875642436e-07,1.636172556294725e-07
117,7.897489025410862e-05,H,4He,1.1002057233168008e-07,1.635608334591515e-07
118,9.467194133543785e-05,H,4He,1.099661144745762e-07,1.6349322037490597e-07
119,0.00011348893866622744,H,4He,1.0990086356094744e-07,1.634122083155082e-07
120,0.00013604600283786055,H,4He,1.0982269257503873e-07,1.6331513859405137e-07
121,0.00016308650962533857,H,4He,1.0972905235840432e-07,1.6319882001247443e-07
122,0.0001955015881905341,H,4He,1.0961689777720312e-07,1.6305953189306667e-07
123,0.00023435948854890962,H,4He,1.09482591104673e-07,1.6289264543340512e-07
124,0.000280940786114626,H,4He,1.093217898264455e-07,1.6269284496904087e-07
125,0.00033678058350188,H,4He,1.0912928705239036e-07,1.6245360801064672e-07
126,0.000403719100357291,H,4He,1.0889906674358969e-07,1.621672442525247e-07
127,0.0004839623184285809,H,4He,1.0862351138097538e-07,1.6182457055269396e-07
128,0.0005801546804485677,H,4He,1.0829409260525328e-07,1.614146576633064e-07
129,0.0006954662386510765,H,4He,1.0790054467074142e-07,1.6092451703093705e-07
130,0.0008336971249279699,H,4He,1.0743043377631071e-07,1.6033881599477207e-07
131,0.0009994027854770939,H,4He,1.0686938763931648e-07,1.5963922509074488e-07
132,0.001198044107091852,H,4He,1.0620055128741429e-07,1.5880426399351014e-07
133,0.0014361673825556995,H,4He,1.0540429346333373e-07,1.5780860837157696e-07
134,0.0017216200459627613,H,4He,1.0445701549620606e-07,1.5662257291124333e-07
135,0.0020638092875959503,H,4He,1.0333167718812963e-07,1.552115248533602e-07
136,0.0024740120711044702,H,4He,1.0199720293789628e-07,1.5353537174979388e-07
137,0.0029657467697029477,H,4He,1.0041809228929862e-07,1.515482217363753e-07
138,0.0035552186687904178,H,4He,9.855420937122396e-08,1.4919730876875529e-07
139,0.0042618540166805665,H,4He,9.63608571494344e-08,1.4642340982322009e-07
140,0.00510894022326789,H,4He,9.378924231621248e-08,1.4316087913594292e-07
141,0.006124393304596119,H,4He,9.078762548613141e-08,1.3933851534126821e-07
142,0.00734167786472749,H,4He,8.730359156688462e-08,1.3488148292090124e-07
143,0.008800909933230376,H,4He,8.328809119058136e-08,1.2971489639715777e-07
144,0.010550179002672452,H,4He,7.870214000139136e-08,1.2376990031919265e-07
145,0.012647132834317702,H,4He,7.351700472396259e-08,1.1695986378341699e-07
146,0.015160877259841776,H,4He,6.78459538424084e-08,1.0931105487950361e-07
147,0.018174253587681845,H,4He,6.149470815235442e-08,1.0043845731711011e-07
148,0.021786568666727252,H,4He,5.490251136768615e-08,9.125811266420567e-08
149,0.02611686757753466,H,4He,4.823746553357403e-08,8.147626340092234e-08
150,0.03130785680372791,H,4He,4.195213566975289e-08,7.185836309968246e-08
151,0.037530607173039035,H,4He,3.6734373588382364e-08,6.258721618793514e-08
152,0.04499019155502361,H,4He,3.345174422669938e-08,5.4774998264954075e-08
153,0.05393244310770938,H,4He,3.381875527799784e-08,4.9786909960112853e-08
154,0.06465205679351049,H,4He,3.964641982033976e-08,4.954715647650666e-08
155,0.07750230115264002,H,4He,5.3434078290883785e-08,5.6538825263781917e-08
156,0.09290666038883737,H,4He,7.867969765174687e-08,7.44460521019252e-08
157,0.11137279043633574,H,4He,1.1967569181478437e-07,1.0757826417630452e-07
158,0.13350924893503416,H,4He,1.8166660654093158e-07,1.6139717226619608e-07
159,0.1600455504559356,H,4He,2.727114108666904e-07,2.426674433990024e-07
160,0.1918562079036751,H,4He,3.9907977712648757e-07,3.5939994506791586e-07
161,0.22998955238879043,H,4He,5.69648512585174e-07,5.199016806114382e-07
162,0.27570228133849695,H,4He,7.943052592699737e-07,7.361657567484949e-07
163,0.33050087339078826,H,4He,1.0820488260606294e-06,1.014316463914323e-06
164,0.396191234913883,H,4He,1.4398444552052113e-06,1.3644097755631208e-06
165,0.4749382142690658,H,4He,1.871893698008715e-06,1.7881424168255503e-06
166,0.5693369451298401,H,4He,2.3743224822737868e-06,2.286421480963749e-06
167,0.6824983700009065,H,4He,2.9435229861031055e-06,2.8523880739676566e-06
168,0.8181517623938234,H,4He,3.5604634502780134e-06,3.4676041383528405e-06
169,0.9807676263127636,H,4He,4.201101119766483e-06,4.109766047094606e-06
170,1.175705023245006,H,4He,4.834738192768211e-06,4.746113576187746e-06
171,1.409388181867592,H,4He,5.43521317551065e-06,5.3488623442174625e-06
172,1.6895182107035145,H,4He,5.987496046470603e-06,5.904243691087646e-06
173,2.0253268907905286,H,4He,6.485047972619667e-06,6.402791613276177e-06
174,2.4278809121869003,H,4He,6.936624660482555e-06,6.8534563599917344e-06
175,2.910446580532337,H,4He,7.358589811858128e-06,7.2769676775795225e-06
176,3.488927012693738,H,4He,7.766886829885548e-06,7.683791467634884e-06
177,4.18238622942793,H,4He,8.160913540405029e-06,8.077623152977e-06
178,5.01367741671467,H,4He,8.530949004458828e-06,8.447503428505006e-06
179,6.010196060327253,H,4He,8.865893375389442e-06,8.782821286379479e-06
180,7.204782773448418,H,4He,9.16577608619286e-06,9.082711868224375e-06
181,8.636805570324883,H,4He,9.437195528061838e-06,9.353514891753974e-06
182,10.353457252659387,H,4He,9.684582478823093e-06,9.599716460874619e-06
183,12.411310664553149,H,4He,9.904726155457659e-06,9.819849887934928e-06
184,14.878183069957991,H,4He,1.0097988777009836e-05,1.0012465224606714e-05
185,17.83537109383559,H,4He,1.026474689706516e-05,1.0180030557957558e-05
186,21.380329880275124,H,4He,1.0409638496983448e-05,1.0324423235296264e-05
187,25.629884760142616,H,4He,1.0530199199641709e-05,1.0445224379358566e-05
188,30.724081269869444,H,4He,1.0628836425001147e-05,1.0543307520007677e-05
189,36.83080040006742,H,4He,1.0706034317464144e-05,1.061915805948085e-05
190,44.151291171069424,H,4He,1.0760053754479196e-05,1.0674053447581716e-05
191,52.92680286331722,H,4He,1.0792029422231328e-05,1.0706472646904624e-05
192,63.44653547002013,H,4He,1.0799085230993642e-05,1.0714374941761086e-05
193,76.05717038197504,H,4He,1.0780464483950861e-05,1.0696042216924203e-05
194,91.17429539152972,H,4He,1.0734279399181836e-05,1.0649993930685217e-05
195,109.2961005306079,H,4He,1.0665151287362116e-05,1.0582644951075545e-05
196,131.01979609382886,H,4He,1.059576450096655e-05,1.0515112640204117e-05
197,157.0612939082959,H,4He,1.0553345926178223e-05,1.0472650854776311e-05
198,188.27880045304119,H,4He,1.0519536242130636e-05,1.0437567347758566e-05
199,225.70109934745543,H,4He,1.0360858342013011e-05,1.0279559516741665e-05
200,3.6227699051683853e-06,D,3He,3.1351345432418237e-05,3.06001995731293e-05
201,4.342831738421415e-06,D,3He,3.135116909572374e-05,3.060002861588328e-05
202,5.206013078924412e-06,D,3He,3.1350957724063625e-05,3.059982368422576e-05
203,6.240760363371484e-06,D,3He,3.135070434114286e-05,3.059957802236281e-05
204,7.481174042896418e-06,D,3He,3.1350400582732515e-05,3.059928353390616e-05
205,8.968132375118345e-06,D,3He,3.1350036476934195e-05,3.05989305337236e-05
206,1.0750638581121347e-05,D,3He,3.13495999931278e-05,3.059850737542876e-05
207,1.2887435763387655e-05,D,3He,3.134907677753276e-05,3.0598000130094876e-05
208,1.5448942804857973e-05,D,3He,3.134844959563046e-05,3.0597392087543726e-05
209,1.851957504733548e-05,D,3He,3.1347697780738094e-05,3.0596663237321674e-05
210,2.2200526227985094e-05,D,3He,3.1346796576336564e-05,3.0595789565911995e-05
211,2.661310335359801e-05,D,3He,3.134571632436414e-05,3.059474232345237e-05
212,3.190272441454515e-05,D,3He,3.13444214361276e-05,3.059348704490141e-05
213,3.824371068445175e-05,D,3He,3.134286933110919e-05,3.0591982429636746e-05
214,4.584503153747037e-05,D,3He,3.134100890326473e-05,3.0590178980661364e-05
215,5.4957191105572863e-05,D,3He,3.133877897564377e-05,3.058801741474621e-05
216,6.588048372801077e-05,D,3He,3.133610622884812e-05,3.0585426679385494e-05
217,7.897489025410862e-05,D,3He,3.1332902809703004e-05,3.058232170085257e-05
218,9.467194133543785e-05,D,3He,3.1329063487907224e-05,3.0578600542754513e-05
219,0.00011348893866622744,D,3He,3.132446223345967e-05,3.057414117588014e-05
220,0.00013604600283786055,D,3He,3.131894812425495e-05,3.056879746481746e-05
221,0.00016308650962533857,D,3He,3.131234042044104e-05,3.056239451909211e-05
222,0.0001955015881905341,D,3He,3.1304422860310404e-05,3.055472304751842e-05
223,0.00023435948854890962,D,3He,3.1294936521397625e-05,3.054553268951675e-05
224,0.000280940786114626,D,3He,3.1283571770577884e-05,3.053452409501471e-05
225,0.00033678058350188,D,3He,3.12699583084265e-05,3.05213394976775e-05
226,0.000403719100357291,D,3He,3.1253653557343275e-05,3.0505551560432086e-05
227,0.0004839623184285809,D,3He,3.1234128815286e-05,3.0486650172877077e-05
228,0.0005801546804485677,D,3He,3.121075295614225e-05,3.046402694333513e-05
229,0.0006954662386510765,D,3He,3.1182773199756764e-05,3.0436956873494663e-05
230,0.0008336971249279699,D,3He,3.114929239488854e-05,3.040457696276753e-05
231,0.0009994027854770939,D,3He,3.1109242549897156e-05,3.0365861188966163e-05
232,0.001198044107091852,D,3He,3.1061353902202085e-05,3.0319591456559025e-05
233,0.0014361673825556995,D,3He,3.10041205052815e-05,3.0264323931574e-05
234,0.0017216200459627613,D,3He,3.0935753435834224e-05,3.0198351657631056e-05
235,0.0020638092875959503,D,3He,3.0854139811392694e-05,3.0119655737761966e-05
236,0.0024740120711044702,D,3He,3.075678427997143e-05,3.002586103894637e-05
237,0.0029657467697029477,D,3He,3.064074716225108e-05,2.9914174769930487e-05
238,0.0035552186687904178,D,3He,3.050257910192129e-05,2.9781328386017108e-05
239,0.0042618540166805665,D,3He,3.033823911274803e-05,2.9591838845799627e-05
240,0.00510894022326789,D,3He,3.0143016422943303e-05,2.943625230568895e-05
241,0.006124393304596119,D,3He,2.991146171272032e-05,2.9214436656273895e-05
242,0.00734167786472749,D,3He,2.9637262707796568e-05,2.8935019127486023e-05
243,0.008800909933230376,D,3He,2.9305437348198192e-05,2.861897834151113e-05
244,0.010550179002672452,D,3He,2.892148616430705e-05,2.824679375852654e-05
245,0.012647132834317702,D,3He,2.8470892591544222e-05,2.7809925787466264e-05
246,0.015160877259841776,D,3He,2.7944330547225674e-05,2.7299108318154177e-05
247,0.018174253587681845,D,3He,2.7331377167743767e-05,2.6704991443385334e-05
248,0.021786568666727252,D,3He,2.6622479261422e-05,2.601630367480929e-05
249,0.02611686757753466,D,3He,2.580759750312796e-05,2.5224687096203546e-05
250,0.03130785680372791,D,3He,2.487754383559245e-05,2.4315817953581796e-05
251,0.037530607173039035,D,3He,2.3825099583939005e-05,2.3290927947063213e-05
252,0.04499019155502361,D,3He,2.2647469543594105e-05,2.2142564493699125e-05
253,0.05393244310770938,D,3He,2.134219234174246e-05,2.086996856782157e-05
254,0.06465205679351049,D,3He,1.991514788882713e-05,1.947723942095138e-05
255,0.07750230115264002,D,3He,1.837785484401319e-05,1.797693514920989e-05
256,0.09290666038883737,D,3He,1.6749435617971293e-05,1.638654410709116e-05
257,0.11137279043633574,D,3He,1.5058228165397934e-05,1.4735461075473636e-05
258,0.13350924893503416,D,3He,1.3382491684850512e-05,1.3055587510235124e-05
259,0.1600455504559356,D,3He,1.1680613640997772e-05,1.1395254069436681e-05
260,0.1918562079036751,D,3He,1.0051568126192538e-05,9.80584648433487e-06
261,0.22998955238879043,D,3He,8.553931817137014e-06,8.34601559022534e-06
262,0.27570228133849695,D,3He,7.24956064607824e-06,7.074477198031061e-06
263,0.33050087339078826,D,3He,6.1966986540068625e-06,6.050687714573725e-06
264,0.396191234913883,D,3He,5.444158495278275e-06,5.3221848506580645e-06
265,0.4749382142690658,D,3He,5.024002067945999e-06,4.917630319823274e-06
266,0.5693369451298401,D,3He,4.941974307680876e-06,4.852081374764386e-06
267,0.6824983700009065,D,3He,5.168776370140605e-06,5.088285222471977e-06
268,0.8181517623938234,D,3He,5.634003042613753e-06,5.562984259531304e-06
269,0.9807676263127636,D,3He,6.225477252044119e-06,6.173949498984875e-06
270,1.175705023245006,D,3He,6.843336122458998e-06,6.795742817283439e-06
271,1.409388181867592,D,3He,7.389387456145134e-06,7.338095684885833e-06
272,1.6895182107035145,D,3He,7.803041301200822e-06,7.750451299949716e-06
273,2.0253268907905286,D,3He,8.095438987429796e-06,8.05638093098649e-06
274,2.4278809121869003,D,3He,8.340309007873436e-06,8.305534295700733e-06
275,2.910446580532337,D,3He,8.596602931537911e-06,8.566804703973374e-06
276,3.488927012693738,D,3He,8.896560694362036e-06,8.869873650934365e-06
277,4.18238622942793,D,3He,9.22139914628131e-06,9.194216888573425e-06
278,5.01367741671467,D,3He,9.52186560817363e-06,9.496941289462682e-06
279,6.010196060327253,D,3He,9.774488273595887e-06,9.753342895490508e-06
280,7.204782773448418,D,3He,9.994409271885162e-06,9.975406558272234e-06
281,8.636805570324883,D,3He,1.0202922087876294e-05,1.0185599933242719e-05
282,10.353457252659387,D,3He,1.0399604452014976e-05,1.0384128442428582e-05
283,12.411310664553149,D,3He,1.0573981627652077e-05,1.0560538036598441e-05
284,14.878183069957991,D,3He,1.0724979886646704e-05,1.0712239149251041e-05
285,17.83537109383559,D,3He,1.0859061903890504e-05,1.0847645908977675e-05
286,21.380329880275124,D,3He,1.0975390852421384e-05,1.0964765875518958e-05
287,25.629884760142616,D,3He,1.1070991211683462e-05,1.1062284821038692e-05
288,30.724081269869444,D,3He,1.1150633432336448e-05,1.1140755080556432e-05
289,36.83080040006742,D,3He,1.1206036262430813e-05,1.1200396824944968e-05
290,44.151291171069424,D,3He,1.1242821803532375e-05,1.1238310857508927e-05
291,52.92680286331722,D,3He,1.1255030544488972e-05,1.1253263264693852e-05
292,63.44653547002013,D,3He,1.1238971779051605e-05,1.1237985374294063e-05
293,76.05717038197504,D,3He,1.1182634297831878e-05,1.1184768606962023e-05
294,91.17429539152972,D,3He,1.108631079013403e-05,1.1089949305067552e-05
295,109.2961005306079,D,3He,1.0959453934448101e-05,1.0967747958388166e-05
296,131.01979609382886,D,3He,1.0847957922693268e-05,1.0863693742640907e-05
297,157.0612939082959,D,3He,1.080782460190126e-05,1.083017505827265e-05
298,188.27880045304119,D,3He,1.0812756807210598e-05,1.0837079205507084e-05
299,225.70109934745543,D,3He,1.0654666334302373e-05,1.0672313209097852e-05
300,3.6227699051683853e-06,D,4He,7.794785946263915e-05,7.460353867419958e-05
301,4.342831738421415e-06,D,4He,7.794733497596953e-05,7.460304126812277e-05
302,5.206013078924412e-06,D,4He,7.794670624685233e-05,7.4602445006319e-05
303,6.240760363371484e-06,D,4He,7.794595257522505e-05,7.460173024063848e-05
304,7.481174042896418e-06,D,4He,7.794504909810908e-05,7.460087342272299e-05
305,8.968132375118345e-06,D,4He,7.794396608567292e-05,7.459984632545868e-05
306,1.0750638581121347e-05,D,4He,7.794266784602578e-05,7.45986151114676e-05
307,1.2887435763387655e-05,D,4He,7.794111160802827e-05,7.459713922720498e-05
308,1.5448942804857973e-05,D,4He,7.793924610939786e-05,7.459537005686348e-05
309,1.851957504733548e-05,D,4He,7.793700992945191e-05,7.459324933777879e-05
310,2.2200526227985094e-05,D,4He,7.793432942701857e-05,7.459070723382791e-05
311,2.661310335359801e-05,D,4He,7.793111634407979e-05,7.458766004808864e-05
312,3.190272441454515e-05,D,4He,7.79272649150772e-05,7.458400747169167e-05
313,3.824371068445175e-05,D,4He,7.792264838665791e-05,7.457962929373433e-05
314,4.584503153747037e-05,D,4He,7.791711484886344e-05,7.457438146273669e-05
315,5.4957191105572863e-05,D,4He,7.791048233599754e-05,7.45680913666205e-05
316,6.588048372801077e-05,D,4He,7.790253274263518e-05,7.45605521939409e-05
317,7.897489025410862e-05,D,4He,7.789300482521071e-05,7.455151617539692e-05
318,9.467194133543785e-05,D,4He,7.788158565616578e-05,7.454068651434506e-05
319,0.00011348893866622744,D,4He,7.786790040159477e-05,7.452770773625307e-05
320,0.00013604600283786055,D,4He,7.785150023657468e-05,7.451215415857076e-05
321,0.00016308650962533857,D,4He,7.783184778592749e-05,7.44935161347182e-05
322,0.0001955015881905341,D,4He,7.78082998753262e-05,7.447118364775911e-05
323,0.00023435948854890962,D,4He,7.778008689512851e-05,7.444442675615789e-05
324,0.000280940786114626,D,4He,7.774628826840185e-05,7.441237233935899e-05
325,0.00033678058350188,D,4He,7.770580337679078e-05,7.437397646482312e-05
326,0.000403719100357291,D,4He,7.765731695694498e-05,7.432799161173856e-05
327,0.0004839623184285809,D,4He,7.759925833870678e-05,7.427292790636855e-05
328,0.0005801546804485677,D,4He,7.752975315039262e-05,7.420700736498331e-05
329,0.0006954662386510765,D,4He,7.744656520727782e-05,7.412810798156105e-05
330,0.0008336971249279699,D,4He,7.734703753601293e-05,7.403371118530513e-05
331,0.0009994027854770939,D,4He,7.722800022745903e-05,7.392080738395242e-05
332,0.001198044107091852,D,4He,7.708569569600075e-05,7.378583183091926e-05
333,0.0014361673825556995,D,4He,7.691566837996253e-05,7.362455627115747e-05
334,0.0017216200459627613,D,4He,7.671264924998463e-05,7.343197963215728e-05
335,0.0020638092875959503,D,4He,7.647042432299583e-05,7.320220267793218e-05
336,0.0024740120711044702,D,4He,7.618169137995725e-05,7.292829140420643e-05
337,0.0029657467697029477,D,4He,7.583789589596879e-05,7.260211920548578e-05
338,0.0035552186687904178,D,4He,7.542907577666371e-05,7.221421839464004e-05
339,0.0042618540166805665,D,4He,7.494369047825872e-05,7.17582159166333e-05
340,0.00510894022326789,D,4He,7.436846411685116e-05,7.117604238215482e-05
341,0.006124393304596119,D,4He,7.368827111864178e-05,7.05344933213602e-05
342,0.00734167786472749,D,4He,7.288604139451009e-05,6.977774588416015e-05
343,0.008800909933230376,D,4He,7.194277765641345e-05,6.888769725335052e-05
344,0.010550179002672452,D,4He,7.083768196386189e-05,6.784437253540972e-05
345,0.012647132834317702,D,4He,6.954845616900034e-05,6.662609810953362e-05
346,0.015160877259841776,D,4He,6.802982581222483e-05,6.521079328449478e-05
347,0.018174253587681845,D,4He,6.631445410197e-05,6.356156260927206e-05
348,0.021786568666727252,D,4He,6.434465063974021e-05,6.167590717476525e-05
349,0.02611686757753466,D,4He,6.209300960647773e-05,5.9528535674430564e-05
350,0.03130785680372791,D,4He,5.954050002735172e-05,5.709937189976055e-05
351,0.037530607173039035,D,4He,5.6711424916533626e-05,5.438898741148017e-05
352,0.04499019155502361,D,4He,5.3576975828476275e-05,5.139562316539715e-05
353,0.05393244310770938,D,4He,5.0156207336860116e-05,4.812868645017894e-05
354,0.06465205679351049,D,4He,4.647653469231954e-05,4.461310689370693e-05
355,0.07750230115264002,D,4He,4.258866208538722e-05,4.0890130249848996e-05
356,0.09290666038883737,D,4He,3.8543699507527714e-05,3.701522705733938e-05
357,0.11137279043633574,D,4He,3.441813441248807e-05,3.305905143297721e-05
358,0.13350924893503416,D,4He,3.029997561605604e-05,2.910695916954631e-05
359,0.1600455504559356,D,4He,2.6286259505481718e-05,2.5253043329454266e-05
360,0.1918562079036751,D,4He,2.24820294173602e-05,2.1599332268342493e-05
361,0.22998955238879043,D,4He,1.8992267615675097e-05,1.8248678463114515e-05
362,0.27570228133849695,D,4He,1.591314928675089e-05,1.529872166071631e-05
363,0.33050087339078826,D,4He,1.3339910478206936e-05,1.2840652493517105e-05
364,0.396191234913883,D,4He,1.1336973044345498e-05,1.0929646042189124e-05
365,0.4749382142690658,D,4He,9.938864619978116e-06,9.599937933073226e-06
366,0.5693369451298401,D,4He,9.12992575204262e-06,8.84633556713664e-06
367,0.6824983700009065,D,4He,8.845446800880833e-06,8.603269627343996e-06
368,0.8181517623938234,D,4He,8.95275601092796e-06,8.740396807774574e-06
369,0.9807676263127636,D,4He,9.282828263387995e-06,9.090080858817793e-06
370,1.175705023245006,D,4He,9.653205463247563e-06,9.474718587159617e-06
371,1.409388181867592,D,4He,9.919740437633269e-06,9.763429733916447e-06
372,1.6895182107035145,D,4He,1.001550831224624e-05,9.878485677574775e-06
373,2.0253268907905286,D,4He,9.996992139250222e-06,9.877159885214452e-06
374,2.4278809121869003,D,4He,9.953842053435274e-06,9.854086460637106e-06
375,2.910446580532337,D,4He,9.981696711457732e-06,9.89618018089599e-06
376,3.488927012693738,D,4He,1.0110858561864115e-05,1.0043153538292796e-05
377,4.18238622942793,D,4He,1.0295522700865715e-05,1.0238656452529946e-05
378,5.01367741671467,D,4He,1.0465553169996744e-05,1.0416983241965352e-05
379,6.010196060327253,D,4He,1.0591948663969194e-05,1.0553054798526565e-05
380,7.204782773448418,D,4He,1.0699660271995599e-05,1.066984068717876e-05
381,8.636805570324883,D,4He,1.0818707334539336e-05,1.079515389852153e-05
382,10.353457252659387,D,4He,1.0940087909434784e-05,1.092250857373688e-05
383,12.411310664553149,D,4He,1.1047109359103388e-05,1.1033380075674671e-05
384,14.878183069957991,D,4He,1.1139906912132362e-05,1.1130463751145194e-05
385,17.83537109383559,D,4He,1.1225716217516311e-05,1.1219109524577178e-05
386,21.380329880275124,D,4He,1.1299345649070397e-05,1.1296115598780619e-05
387,25.629884760142616,D,4He,1.1359500926949437e-05,1.1359850862634723e-05
388,30.724081269869444,D,4He,1.1407318070156748e-05,1.140958003642917e-05
389,36.83080040006742,D,4He,1.1438347526071703e-05,1.1444100322196057e-05
390,44.151291171069424,D,4He,1.1449891879245674e-05,1.1459785806760766e-05
391,52.92680286331722,D,4He,1.1440377138436402e-05,1.1453432802634416e-05
392,63.44653547002013,D,4He,1.1401681080700845e-05,1.1416321620147299e-05
393,76.05717038197504,D,4He,1.1319217854022871e-05,1.1338394390838596e-05
394,91.17429539152972,D,4He,1.1191951402598915e-05,1.121416863041712e-05
395,109.2961005306079,D,4He,1.1032399172433548e-05,1.1061011451261886e-05
396,131.01979609382886,D,4He,1.089734812273731e-05,1.0935006528529182e-05
397,157.0612939082959,D,4He,1.0852729529899739e-05,1.089896380718863e-05
398,188.27880045304119,D,4He,1.0869991795859006e-05,1.0918340335660291e-05
399,225.70109934745543,D,4He,1.0714991458100145e-05,1.0753903792072722e-05
400,3.6227699051683853e-06,T,3He,0.00024941076219052737,0.0002288481239777978
401,4.342831738421415e-06,T,3He,0.00024940804820799565,0.00022884573779019223
402,5.206013078924412e-06,T,3He,0.00024940479486498774,0.0002288428773961074
403,6.240760363371484e-06,T,3He,0.00024940089498491673,0.00022883944855453214
404,7.481174042896418e-06,T,3He,0.0002493962201247579,0.0002288353383144916
405,8.968132375118345e-06,T,3He,0.0002493906162748742,0.00022883041129368817
406,1.0750638581121347e-05,T,3He,0.0002493838989062462,0.00022882450522077746
407,1.2887435763387655e-05,T,3He,0.0002493758468213656,0.00022881742562373485
408,1.5448942804857973e-05,T,3He,0.0002493661949132964,0.00022880893938936116
409,1.851957504733548e-05,T,3He,0.00024935462547604956,0.00022879876716549316
410,2.2200526227985094e-05,T,3He,0.000249340757748197,0.00022878657415555464
411,2.661310335359801e-05,T,3He,0.000249324135505767,0.00022877195919755145
412,3.190272441454515e-05,T,3He,0.00024930421201994267,0.00022875444153795075
413,3.824371068445175e-05,T,3He,0.0002492803322894711,0.00022873344519520373
414,4.584503153747037e-05,T,3He,0.00024925171161523227,0.00022870828012407904
415,5.4957191105572863e-05,T,3He,0.00024921741004084,0.0002286781196939949
416,6.588048372801077e-05,T,3He,0.00024917630177933306,0.0002286419738509037
417,7.897489025410862e-05,T,3He,0.0002491270388161209,0.00022859865698895724
418,9.467194133543785e-05,T,3He,0.00024906800726666987,0.00022854674960701152
419,0.00011348893866622744,T,3He,0.00024899727553011363,0.00022848455259254926
420,0.00013604600283786055,T,3He,0.0002489125324235753,0.0002284100327864412
421,0.00016308650962533857,T,3He,0.0002488110136629343,0.00022832075810085134
422,0.0001955015881905341,T,3He,0.0002486894144505789,0.00022821382052708804
423,0.00023435948854890962,T,3He,0.0002485437859957561,0.00022808574479688532
424,0.000280940786114626,T,3He,0.0002483694130119598,0.000227932380295463
425,0.00033678058350188,T,3He,0.000248160669364135,0.00022774877337123942
426,0.000403719100357291,T,3He,0.0002479108482818381,0.0002275290173733622
427,0.0004839623184285809,T,3He,0.00024761196387005523,0.0002272660765942304
428,0.0005801546804485677,T,3He,0.0002472545197573167,0.00022695158131084527
429,0.0006954662386510765,T,3He,0.0002468272418121914,0.00022657559002371076
430,0.0008336971249279699,T,3He,0.00024631677111652567,0.00022612631608271287
431,0.0009994027854770939,T,3He,0.00024570731550144817,0.00022558981614883387
432,0.001198044107091852,T,3He,0.00024498025874181124,0.00022494963973103014
433,0.0014361673825556995,T,3He,0.00024411372985547782,0.00022418644070173235
434,0.0017216200459627613,T,3He,0.00024308213885804986,0.000223277555948556
435,0.0020638092875959503,T,3He,0.00024185569231076,0.0002221965612446904
436,0.0024740120711044702,T,3He,0.00024039991006731445,0.00022091282216532633
437,0.0029657467697029477,T,3He,0.00023867517785283122,0.00021939106834310823
438,0.0035552186687904178,T,3He,0.00023663638565280892,0.0002175910335330985
439,0.0042618540166805665,T,3He,0.000234232722665573,0.00021546722970868426
440,0.00510894022326789,T,3He,0.00023140774632090762,0.00021296890456378993
441,0.006124393304596119,T,3He,0.0002280292787176602,0.00021004032980292292
442,0.00734167786472749,T,3He,0.00022418847713841073,0.0002066215550056225
443,0.008800909933230376,T,3He,0.00021973172542394384,0.00020264971207676176
444,0.010550179002672452,T,3He,0.00021459006611283506,0.00019806109675708655
445,0.012647132834317702,T,3He,0.0002086968149366438,0.0001927941369265626
446,0.015160877259841776,T,3He,0.000201971453911171,0.00018675229363075336
447,0.018174253587681845,T,3He,0.00019439641559573846,0.0001799895593181237
448,0.021786568666727252,T,3He,0.0001859335299145655,0.00017241565729720205
449,0.02611686757753466,T,3He,0.00017660437126925947,0.0001640397898601948
450,0.03130785680372791,T,3He,0.00016643119536445032,0.00015485183178739378
451,0.037530607173039035,T,3He,0.00015549615835340472,0.00014494254049078013
452,0.04499019155502361,T,3He,0.00014391535113357783,0.00013439660195255416
453,0.05393244310770938,T,3He,0.00013182859699564,0.0001233527166294137
454,0.06465205679351049,T,3He,0.00011942874052642236,0.00011197386968781136
455,0.07750230115264002,T,3He,0.00010692682843616259,0.00010045358972346156
456,0.09290666038883737,T,3He,9.455346998931658e-05,8.899997581330574e-05
457,0.11137279043633574,T,3He,8.254483481686975e-05,7.783455799008604e-05
458,0.13350924893503416,T,3He,7.110649898398276e-05,6.716544622491441e-05
459,0.1600455504559356,T,3He,6.0476699933186356e-05,5.7197049903866394e-05
460,0.1918562079036751,T,3He,5.079669737755129e-05,4.8092815488432844e-05
461,0.22998955238879043,T,3He,4.220877534941199e-05,4.000174931184361e-05
462,0.27570228133849695,T,3He,3.482455619361094e-05,3.305012846780883e-05
463,0.33050087339078826,T,3He,2.871515766387988e-05,2.7283840041331326e-05
464,0.396191234913883,T,3He,2.3904032209024642e-05,2.274938017147203e-05
465,0.4749382142690658,T,3He,2.0381788407849223e-05,1.9435425539349285e-05
466,0.5693369451298401,T,3He,1.802811556410869e-05,1.7252961103296185e-05
467,0.6824983700009065,T,3He,1.667003045700648e-05,1.600375528712631e-05
468,0.8181517623938234,T,3He,1.6011240223798918e-05,1.5404379710738394e-05
469,0.9807676263127636,T,3He,1.5709432638243662e-05,1.5159648299764058e-05
470,1.175705023245006,T,3He,1.5443656025872624e-05,1.4968172603208095e-05
471,1.409388181867592,T,3He,1.50109276126017e-05,1.4598170065384101e-05
472,1.6895182107035145,T,3He,1.4380472431470381e-05,1.4033387043829545e-05
473,2.0253268907905286,T,3He,1.3656918043622716e-05,1.336872492435119e-05
474,2.4278809121869003,T,3He,1.301976665513809e-05,1.2785251759277334e-05
475,2.910446580532337,T,3He,1.2588610958158057e-05,1.2402359543452747e-05
476,3.488927012693738,T,3He,1.2384183023882654e-05,1.2226252651622033e-05
477,4.18238622942793,T,3He,1.228812120525165e-05,1.2155636717056029e-05
478,5.01367741671467,T,3He,1.218915935193863e-05,1.2079701977011496e-05
479,6.010196060327253,T,3He,1.2064385577746589e-05,1.1974686954643165e-05
480,7.204782773448418,T,3He,1.1960914453322146e-05,1.1889327471742933e-05
481,8.636805570324883,T,3He,1.1909574843494922e-05,1.1852345993282616e-05
482,10.353457252659387,T,3He,1.1883417881791578e-05,1.1840534546780961e-05
483,12.411310664553149,T,3He,1.1859942861856503e-05,1.1828571815212945e-05
484,14.878183069957991,T,3He,1.184224656314457e-05,1.1820962848112111e-05
485,17.83537109383559,T,3He,1.1833764995957326e-05,1.1822498488319998e-05
486,21.380329880275124,T,3He,1.1827619298892925e-05,1.1825584542817961e-05
487,25.629884760142616,T,3He,1.1821138194603838e-05,1.1825015794882191e-05
488,30.724081269869444,T,3He,1.1811772565854922e-05,1.1819921256503937e-05
489,36.83080040006742,T,3He,1.1790209009255316e-05,1.1806908699743619e-05
490,44.151291171069424,T,3He,1.1760013865483358e-05,1.1781686533987853e-05
491,52.92680286331722,T,3He,1.1711145122405135e-05,1.1737393913353882e-05
492,63.44653547002013,T,3He,1.1631138627003093e-05,1.1662539359224675e-05
493,76.05717038197504,T,3He,1.1509078951798595e-05,1.1542572333871592e-05
494,91.17429539152972,T,3He,1.1330610246225815e-05,1.1370900751048378e-05
495,109.2961005306079,T,3He,1.112181942542152e-05,1.1169324867333099e-05
496,131.01979609382886,T,3He,1.0949441969829058e-05,1.100853110634554e-05
497,157.0612939082959,T,3He,1.089561000158054e-05,1.0965227442367016e-05
498,188.27880045304119,T,3He,1.0924589665319615e-05,1.0999216589111229e-05
499,225.70109934745543,T,3He,1.0775513874889863e-05,1.0836926532211378e-05
500,3.6227699051683853e-06,T,4He,0.0015469207767647311,0.0012802823113728318
501,4.342831738421415e-06,T,4He,0.0015468633150234157,0.0012802412252335246
502,5.206013078924412e-06,T,4He,0.0015467944374611036,0.0012801919760775278
503,6.240760363371484e-06,T,4He,0.0015467118780432146,0.0012801329430273097
504,7.481174042896418e-06,T,4He,0.0015466129200044163,0.0012800621834802325
505,8.968132375118345e-06,T,4He,0.0015464943095662438,0.0012799773697060029
506,1.0750638581121347e-05,T,4He,0.0015463521470525305,0.0012798757125882894
507,1.2887435763387655e-05,T,4He,0.0015461817621485988,0.0012797538706557203
508,1.5448942804857973e-05,T,4He,0.0015459775591152678,0.0012796078408338389
509,1.851957504733548e-05,T,4He,0.0015457328379572402,0.0012794328285058052
510,2.2200526227985094e-05,T,4He,0.0015454395748500768,0.0012792230915203591
511,2.661310335359801e-05,T,4He,0.0015450881649500465,0.001278971754597861
512,3.190272441454515e-05,T,4He,0.0015446671130647737,0.001278670587315149
513,3.824371068445175e-05,T,4He,0.0015441626660385704,0.0012783097402438066
514,4.584503153747037e-05,T,4He,0.0015435583765438614,0.0012778774298512344
515,5.4957191105572863e-05,T,4He,0.0015428345824333295,0.0012773595647812075
516,6.588048372801077e-05,T,4He,0.0015419677943165685,0.0012767393018603948
517,7.897489025410862e-05,T,4He,0.0015409299674811784,0.0012759965203152856
518,9.467194133543785e-05,T,4He,0.0015396876466081144,0.0012751072007691627
519,0.00011348893866622744,T,4He,0.0015382009599274602,0.0012740426936575099
520,0.00013604600283786055,T,4He,0.00153642244484503,0.001272768860874966
521,0.00016308650962533857,T,4He,0.0015342956814891468,0.0012712450732181746
522,0.0001955015881905341,T,4He,0.0015317537154139456,0.001269423046008513
523,0.00023435948854890962,T,4He,0.0015287172516367333,0.0012672454959804943
524,0.000280940786114626,T,4He,0.0015250926094233564,0.001264644606602271
525,0.00033678058350188,T,4He,0.0015207694354286295,0.001261540292314841
526,0.000403719100357291,T,4He,0.0015156182002066657,0.0012578382654608443
527,0.0004839623184285809,T,4He,0.0015094875127823753,0.0012534279228242488
528,0.0005801546804485677,T,4He,0.00150220134770456,0.0012481800944365818
529,0.0006954662386510765,T,4He,0.001493556318319765,0.0012419447317895708
530,0.0008336971249279699,T,4He,0.0014833192169350171,0.0012345486610308158
531,0.0009994027854770939,T,4He,0.0014712251317765734,0.0012257935938185809
532,0.001198044107091852,T,4He,0.0014569765762617122,0.0012154546708993443
533,0.0014361673825556995,T,4He,0.0014402442091424608,0.0012032799215685901
534,0.0017216200459627613,T,4He,0.0014206698596611674,0.0011889911284383094
535,0.0020638092875959503,T,4He,0.0013978727444382132,0.0011722867451181705
536,0.0024740120711044702,T,4He,0.00137145978844048,0.0011528475722307587
537,0.0029657467697029477,T,4He,0.0013410410043161029,0.0011303460030543011
538,0.0035552186687904178,T,4He,0.001306250604748554,0.0011044595791473953
539,0.0042618540166805665,T,4He,0.0012667741349137083,0.0010748893956847797
540,0.00510894022326789,T,4He,0.0012223808995630986,0.0010413834460936552
541,0.006124393304596119,T,4He,0.0011729589802136862,0.0010036806337282147
542,0.00734167786472749,T,4He,0.0011185552414529013,0.0009618878437285627
543,0.008800909933230376,T,4He,0.0010594031445350257,0.0009159718783265714
544,0.010550179002672452,T,4He,0.000995938367002394,0.0008661548434752058
545,0.012647132834317702,T,4He,0.000928843578403416,0.0008128366967667362
546,0.015160877259841776,T,4He,0.000858974270962044,0.0007565978327251268
547,0.018174253587681845,T,4He,0.0007873933405063882,0.0006981849940123011
548,0.021786568666727252,T,4He,0.00071518154050872,0.0006384606209940057
549,0.02611686757753466,T,4He,0.000643561684276141,0.0005784301592259182
550,0.03130785680372791,T,4He,0.000573683827052601,0.0005190580817419869
551,0.037530607173039035,T,4He,0.0005065957496780607,0.00046129152605120847
552,0.04499019155502361,T,4He,0.00044318109775365994,0.0004059948906918359
553,0.05393244310770938,T,4He,0.00038412519527017164,0.0003538785026642643
554,0.06465205679351049,T,4He,0.00032990138569629945,0.0003054983435357986
555,0.07750230115264002,T,4He,0.0002807725540819485,0.00026120669006964584
556,0.09290666038883737,T,4He,0.0002368292163415114,0.00022122628585959032
557,0.11137279043633574,T,4He,0.00019799912140697242,0.00018561140336433246
558,0.13350924893503416,T,4He,0.00016410893605667883,0.0001542751779638113
559,0.1600455504559356,T,4He,0.00013490600535122582,0.00012715845932169495
560,0.1918562079036751,T,4He,0.00011010198042717359,0.00010398595679296555
561,0.22998955238879043,T,4He,8.933211130501764e-05,8.452822703332331e-05
562,0.27570228133849695,T,4He,7.234832427425821e-05,6.85466740866148e-05
563,0.33050087339078826,T,4He,5.8835840807923376e-05,5.5796251744017694e-05
564,0.396191234913883,T,4He,4.849099633236039e-05,4.602272608844901e-05
565,0.4749382142690658,T,4He,4.096303275423917e-05,3.8897346988822546e-05
566,0.5693369451298401,T,4He,3.580975512363919e-05,3.404775038599285e-05
567,0.6824983700009065,T,4He,3.2486448225891936e-05,3.0912426922098644e-05
568,0.8181517623938234,T,4He,3.0339190400665475e-05,2.8934292773147693e-05
569,0.9807676263127636,T,4He,2.8659941373856662e-05,2.7393562752865988e-05
570,1.175705023245006,T,4He,2.691706780877704e-05,2.5789095581202532e-05
571,1.409388181867592,T,4He,2.4854723622165233e-05,2.3908859030431734e-05
572,1.6895182107035145,T,4He,2.2599729136795746e-05,2.1816639202927668e-05
573,2.0253268907905286,T,4He,2.04220861407267e-05,1.9791190890524376e-05
574,2.4278809121869003,T,4He,1.8633548232273227e-05,1.8116386084793067e-05
575,2.910446580532337,T,4He,1.737021158599943e-05,1.694498832626327e-05
576,3.488927012693738,T,4He,1.6535663413882907e-05,1.6175452392261825e-05
577,4.18238622942793,T,4He,1.5892412560361202e-05,1.5587490976627977e-05
578,5.01367741671467,T,4He,1.5259306870709925e-05,1.5011175108916575e-05
579,6.010196060327253,T,4He,1.4652147087416562e-05,1.444985483252376e-05
580,7.204782773448418,T,4He,1.415179649025934e-05,1.399405662065173e-05
581,8.636805570324883,T,4He,1.3790063254801494e-05,1.3660448264435067e-05
582,10.353457252659387,T,4He,1.3495747182428405e-05,1.3394241239872907e-05
583,12.411310664553149,T,4He,1.323244083421244e-05,1.3155948182336836e-05
584,14.878183069957991,T,4He,1.301364747124903e-05,1.2958602808843571e-05
585,17.83537109383559,T,4He,1.2836863323491325e-05,1.2802407262092892e-05
586,21.380329880275124,T,4He,1.2687670222688359e-05,1.2668681547371531e-05
587,25.629884760142616,T,4He,1.256000004398758e-05,1.255389301928762e-05
588,30.724081269869444,T,4He,1.2447211825906875e-05,1.2452066772561012e-05
589,36.83080040006742,T,4He,1.233994433827229e-05,1.235638866392457e-05
590,44.151291171069424,T,4He,1.2232962538443489e-05,1.2258730255440084e-05
591,52.92680286331722,T,4He,1.2115977633312343e-05,1.214827331970622e-05
592,63.44653547002013,T,4He,1.1969417596510813e-05,1.20094203752202e-05
593,76.05717038197504,T,4He,1.1772945579820299e-05,1.1821188981680883e-05
594,91.17429539152972,T,4He,1.151861590768739e-05,1.1574075073137217e-05
595,109.2961005306079,T,4He,1.1231073057862397e-05,1.129691474622947e-05
596,131.01979609382886,T,4He,1.1001818950030884e-05,1.1081236177850253e-05
597,157.0612939082959,T,4He,1.0926838290953612e-05,1.1022669884196317e-05
598,188.27880045304119,T,4He,1.0971400608098725e-05,1.1073629248683863e-05
599,225.70109934745543,T,4He,1.0833763053358805e-05,1.0916385399674261e-05
