,E_l0m,l0m,E_l0,l0,E_l1,l1,E_l1m,l1m,E_l2m,l2m,E_s0,s0,E_s1,s1,E_s2,s2
0,0.013820683819032283,1e-18,6.0261610378466015,9.578740574426005e-22,2.403562375741931,3.559605500204626e-24,0.001,4.3203011299257036e-20,0.0010382292952840085,4.4142793481399345e-24,0.001,1.5051164191978294e-20,0.001,1.7498090332270087e-20,0.3290876686124285,1e-24
1,0.018658458621394914,8.601603892866366e-19,6.0261610378466015,1.5378567664623792e-21,2.44907472695622,4.811084565435333e-24,0.0013249503147687058,3.7969882425160373e-20,0.0013003281162692008,5.022669241382635e-24,0.0012524479150951848,1.3809784956898008e-20,0.0012524479150951848,1.605489526011653e-20,0.36144715151460394,1.267079131708692e-24
2,0.02472153062351605,7.398758952977382e-19,6.256536927591426,2.522720630833122e-21,2.4954488715377043,6.50255616653011e-24,0.001822604609739901,3.337063616686562e-20,0.0016285932381610098,5.593241243560759e-24,0.001598328294986933,1.2401035305418573e-20,0.0016285932381610098,1.5051164191978294e-20,0.4199696657521706,1.6404132594456646e-24
3,0.03337502414759089,6.502556166530111e-19,6.375006790869186,3.716151901752419e-21,2.590848123313865,8.418479232217783e-24,0.0024148605513737735,2.8704099396033844e-20,0.0020397282056728748,6.2286298589825984e-24,0.002001822940694026,1.1378231519260376e-20,0.0021986639693952893,1.3228034749073683e-20,0.46999989365985334,2.078533408421838e-24
4,0.044220248749763706,5.593241243560759e-19,6.61871880791489,5.022669241382635e-21,2.740828576685145,1.0666879355866165e-23,0.003260155305209879,2.4690129310614983e-20,0.002603026653577135,7.08707925832821e-24,0.002460586837763046,1.0439785817666578e-20,0.0029131205183208974,1.2137022289906519e-20,0.556438940831646,2.8093000753665384e-24
5,0.05750083275773569,4.811084565435333e-19,6.871747763624489,6.78852936459214e-21,3.0103366862992136,1.4110185078357548e-23,0.004401335972812878,2.078533408421838e-20,0.0033847887450444776,8.239253221373973e-24,0.0030817568548669808,9.787104053000563e-21,0.003932825565069099,1.1135993581813197e-20,0.6587752445278735,3.716151901752419e-24
6,0.07201679810366302,4.228323669887876e-19,7.269543310097216,9.175227099215503e-21,3.4977453457549155,1.6404132594456647e-23,0.005941974087743519,1.7878721057334078e-20,0.004239271606768603,8.979890232993264e-24,0.003932825565069099,8.788712009482781e-21,0.005113963658641657,1.0217527008854236e-20,0.7799325154241205,4.915738648921725e-24
7,0.09190520798200048,3.7161519017524194e-19,7.835986630677923,1.2670791317086919e-20,4.1410258635063455,1.6054895260116528e-23,0.008328566634664941,1.4730731006568768e-20,0.005309466885419557,1.0217527008854235e-23,0.004925659179403835,8.063842859660716e-21,0.006904049073511313,9.175227099215503e-21,0.9062126964878938,6.2286298589825984e-24
8,0.1151064861234459,3.337063616686562e-19,8.446567254214765,1.57130930470786e-20,4.634338796838747,1.3515780232272272e-23,0.0116737335376694,1.2401035305418573e-20,0.007034779821090662,1.162573878610404e-23,0.006404973122138287,7.398758952977442e-21,0.009677058820627039,8.788712009482781e-21,1.0728769087059604,8.239253221373973e-24
9,0.14689469437429023,2.8704099396033845e-19,9.631783696938045,2.2171465104773037e-20,4.995446798373196,1e-23,0.01605841390538916,1.0217527008854236e-20,0.009147521993127405,1.3515780232272272e-23,0.008173792815141849,6.78852936459214e-21,0.013820683819032283,8.063842859660716e-21,1.2942443962679466,1.089891279187522e-23
10,0.18397795370762438,2.522720630833122e-19,,,5.284625993737925,7.55970194340491e-24,0.022089990004027355,8.418479232217782e-21,0.012821622130425063,1.6054895260116528e-23,0.01043109591731743,6.364119381231065e-21,0.0190117635035418,7.55970194340491e-21,1.5908503502319729,1.4417119713805025e-23
11,0.23042280454459257,2.2653754353388956e-19,,,5.384692360515247,5.966242955331794e-24,0.03154871465289529,6.78852936459214e-21,0.01698801227755209,1.826763152870834e-23,0.013311783708869067,5.8392240609313855e-21,0.025666617317595116,7.087079258328211e-21,1.848427597365229,1.787872105733408e-23
12,0.2996252513789363,1.9071016055576811e-19,,,5.590545354778929,4.70865852497006e-24,0.03951312189095164,5.714909347311997e-21,0.02336874759925585,2.123747123935598e-23,0.01730968663433675,5.474163404426341e-21,0.03400699269399555,6.78852936459214e-21,2.2720374135876353,2.078533408421838e-23
13,0.3752650213994195,1.6760966784068687e-19,,,5.590545354778929,3.559605500204626e-24,0.05042520330019141,4.811084565435333e-21,0.03154871465289529,2.416448646450279e-23,0.023811243562293666,5.022669241382635e-21,0.0467800950394788,6.364119381231065e-21,2.8994911817391267,2.416448646450279e-23
14,0.49720750822484594,1.4110185078357549e-19,,,,,0.06435080313023564,3.796988242516037e-21,0.040261317610448585,2.7494912153714635e-23,0.03154871465289529,4.70865852497006e-21,0.0631549407415756,6.0960248537488915e-21,3.5639764601377895,2.5775966181331216e-23
15,0.6345180660189946,1.1878630004490227e-19,,,,,0.07762835202325631,3.0618316527628635e-21,0.05235292328691059,3.1964866664596357e-23,0.04180047940990168,4.4142793481399345e-21,0.08687607741995963,5.8392240609313855e-21,4.1410258635063455,2.5775966181331216e-23
16,0.8250816815252557,1e-19,,,,,0.09364546741787548,2.522720630833122e-21,0.06936502218805408,3.637036533920685e-23,0.054354338650226965,4.138304372695784e-21,0.12642500919465777,5.593241243560759e-21,4.811506303149236,2.4690129310614983e-23
17,1.052939113365835,8.418479232217783e-20,,,,,0.10480128284813212,1.9485862163414883e-21,0.09541867931608264,4.320301129925703e-23,0.06936502218805408,3.9639744004065665e-21,0.14416487855924265,6.364119381231065e-21,5.486653521318084,2.416448646450279e-23
18,1.3437224474625487,6.788529364592139e-20,,,,,0.11950692597056374,1.3228034749073684e-21,0.12881891395819065,4.915738648921725e-23,0.0836771586147495,3.796988242516037e-21,0.1675068557270983,6.78852936459214e-21,6.256536927591426,2.6336663063706507e-23
19,1.6829423777910681,5.474163404426341e-20,,,,,0.12642500919465777,9.374813069860568e-22,0.1675068557270983,5.593241243560759e-23,0.10480128284813212,3.6370365339206855e-21,0.2020686693898047,7.087079258328211e-21,7.134449837997315,3.4096537633759744e-23
20,2.0686274391833397,4.414279348139934e-20,,,,,0.12881891395819065,6.228629858982598e-22,0.21781387416979456,6.364119381231064e-23,0.13125814820244394,3.48382294181355e-21,0.25308048368331937,7.087079258328211e-21,7.984363963941766,4.915738648921725e-23
21,2.590848123313865,3.4838229418135504e-20,,,,,0.13125814820244394,4.414279348139934e-22,0.29405716906469187,7.398758952977442e-23,0.1414857922440987,2.7494912153714636e-21,0.31107971358844694,7.087079258328211e-21,8.606506159611492,6.644004325811306e-23
22,3.0673385356886302,2.6909556617651495e-20,,,,,0.13374357025806374,3.196486666459636e-22,0.41216516443717166,8.601603892866365e-23,0.15251037502117915,2.2171465104773038e-21,0.38237080472534474,6.78852936459214e-21,9.104724362425417,8.788712009482782e-23
23,3.700224768617656,1.990973229455024e-20,,,,,0.13374357025806374,2.078533408421838e-22,0.5777112094082205,1.0217527008854235e-22,0.17067866059706754,1.826763152870819e-21,0.46999989365985334,6.50255616653011e-21,9.631783696938045,1.1378231519260376e-22
24,4.1410258635063455,1.4730731006568768e-20,,,,,0.1772035855117119,1.8267631528708337e-22,0.8250816815252557,1.1878630004490226e-22,0.1910113012256608,1.5051164191978292e-21,0.5997967018215691,6.0960248537488915e-21,,
25,4.548216616634849,1.0217527008854236e-20,,,,,0.2392317059796972,1.7125563081073052e-22,1.0931922336467805,1.3515780232272272e-22,0.21376613261603591,1.267079131708692e-21,0.7654386487508308,5.593241243560759e-21,,
26,4.811506303149236,7.55970194340491e-21,,,,,0.3353190665180299,1.57130930470786e-22,1.50379767615988,1.473073100656877e-22,0.2483773655088924,1.0217527008854234e-21,1.0141681785985461,5.022669241382635e-21,,
27,5.090037449090001,5.2435591113016584e-21,,,,,0.45269373133155905,1.380978495689801e-22,2.0686274391833397,1.6054895260116528e-22,0.2832295046965057,8.239253221373973e-22,1.3437224474625487,4.320301129925703e-21,,
28,5.384692360515247,3.716151901752419e-21,,,,,0.6111540763694417,1.1378231519260376e-22,2.845608521666093,1.6760966784068688e-22,0.3290876686124285,6.50255616653011e-22,1.7803654797272777,3.6370365339206855e-21,,
29,5.486653521318084,2.522720630833122e-21,,,,,0.7512141286773932,9.374813069860569e-23,3.9144254326315244,1.6760966784068688e-22,0.38237080472534474,5.131925863036849e-22,2.2298150331918696,3.128434760866936e-21,,
30,5.6964044189055985,1.866500185323746e-21,,,,,0.9408565692520471,7.398758952977442e-23,5.384692360515247,1.6404132594456645e-22,0.45269373133155905,4.228323669887876e-22,2.8994911817391267,2.6336663063706505e-21,,
31,5.8042679639454215,1.2401035305418573e-21,,,,,1.1564755520894665,5.714909347311997e-23,7.269543310097216,1.57130930470786e-22,0.5066223180792088,3.5596055002046256e-22,3.4977453457549155,2.3146534695770087e-21,,
32,5.8042679639454215,9.374813069860568e-22,,,,,1.3691663338291586,4.1383043726957844e-23,9.631783696938045,1.5051164191978291e-22,0.5777112094082205,2.8093000753665383e-22,4.299334364021046,1.9485862163414883e-21,,
33,,,,,,,1.5612868015692016,2.9966464978360835e-23,,,0.6465329025649171,2.365003434154125e-22,4.995446798373196,1.7498090332270087e-21,,
34,,,,,,,1.7472800788976142,2.078533408421838e-23,,,0.7372539498044547,1.907101605557681e-22,6.140268647616322,1.5378567664623792e-21,,
35,,,,,,,1.9190916817960149,1.1878630004490226e-23,,,0.8250816815252557,1.5378567664623794e-22,7.269543310097216,1.4730731006568768e-21,,
36,,,,,,,2.0301851256404455,7.72414587856275e-24,,,0.9586720397612545,1.2401035305418573e-22,9.631783696938045,1.5051164191978292e-21,,
37,,,,,,,2.107797672289756,5.474163404426341e-24,,,1.052939113365835,1e-22,9.631783696938045,1.5051164191978292e-21,,
38,,,,,,,2.147709608388482,3.796988242516037e-24,,,1.1783738485633362,8.418479232217783e-23,,,,
39,,,,,,,6.140268647616322,3.716151901752419e-24,,,1.3187513972572138,6.644004325811306e-23,,,,
40,,,,,,,6.375006790869186,5.022669241382635e-24,,,1.50379767615988,5.131925863036849e-23,,,,
41,,,,,,,6.495719925251629,7.08707925832821e-24,,,1.7472800788976142,3.879582992020958e-23,,,,
42,,,,,,,6.871747763624489,1.089891279187522e-23,,,1.9924572043764792,3.0618316527628636e-23,,,,
43,,,,,,,7.269543310097216,1.57130930470786e-23,,,2.315059290524483,2.365003434154125e-23,,,,
44,,,,,,,7.984363963941766,2.416448646450279e-23,,,2.689894421256053,1.7498090332270085e-23,,,,
45,,,,,,,8.769473567912378,3.4838229418135504e-23,,,3.0673385356886302,1.380978495689801e-23,,,,
46,,,,,,,9.631783696938045,4.70865852497006e-23,,,3.700224768617656,1.162573878610404e-23,,,,
47,,,,,,,,,,,4.3807438658246305,1e-23,,,,
48,,,,,,,,,,,5.284625993737925,8.979890232993264e-24,,,,
49,,,,,,,,,,,6.61871880791489,9.175227099215503e-24,,,,
50,,,,,,,,,,,8.446567254214765,9.787104053000563e-24,,,,
51,,,,,,,,,,,9.814165118306308,1.0439785817666576e-23,,,,
